REPLACE INTO `role` (`id`,`role`,`created_date`,`updated_date`) VALUES (1,'ROLE_USER','2019-11-23','2019-11-23');

REPLACE INTO `user` (`id`, `created_date`,`updated_date`,`active`,`email`,`first_name`,`last_name`,`password`,`phone`,`username`,`role_id`) VALUES (1, '2019-11-23 15:06:10','2019-11-23 15:06:10',1,'m.helal.k@gmail.com','Mohammad Helal','Khan','$2a$10$TnYwswUt4O4AZbzMQEkMJuJQFljmvCszEBR4s0Xl8O2NJAIufrFPC','01838923210','helal.khan',1);
REPLACE INTO `user` (`id`, `created_date`,`updated_date`,`active`,`email`,`first_name`,`last_name`,`password`,`phone`,`username`,`role_id`) VALUES (2, '2019-11-23 23:03:27','2019-11-23 23:03:27',1,'omor.faruk@gmail.com','Md. Omor','Faruk','$2a$10$Dn7DUmqQpiPB9LzqxEinBuVBixByI1vcOwDVtozNFGdqZyNeLDRve','01738923219','omor.faruk',1);

REPLACE INTO `location` (`id`,`name`,`active`,`created_date`,`updated_date`) VALUES (1,'BAGERHAT',1,'2018-08-03 14:57:00','2018-08-03 14:57:00');
REPLACE INTO `location` (`id`,`name`,`active`,`created_date`,`updated_date`) VALUES (3,'BANDARBAN',1,'2018-08-03 14:57:00','2018-08-03 14:57:00');
REPLACE INTO `location` (`id`,`name`,`active`,`created_date`,`updated_date`) VALUES (4,'BARGUNA',1,'2018-08-03 14:57:00','2018-08-03 14:57:00');
REPLACE INTO `location` (`id`,`name`,`active`,`created_date`,`updated_date`) VALUES (6,'BARISAL',1,'2018-08-03 14:57:00','2018-08-03 15:00:00');
REPLACE INTO `location` (`id`,`name`,`active`,`created_date`,`updated_date`) VALUES (9,'BHOLA',1,'2018-08-03 14:57:00','2018-08-03 14:57:00');
REPLACE INTO `location` (`id`,`name`,`active`,`created_date`,`updated_date`) VALUES (10,'BOGRA',1,'2018-08-03 14:57:00','2018-08-03 14:57:00');
REPLACE INTO `location` (`id`,`name`,`active`,`created_date`,`updated_date`) VALUES (12,'BRAHMANBARIA',1,'2018-08-03 14:57:00','2018-08-03 14:57:00');
REPLACE INTO `location` (`id`,`name`,`active`,`created_date`,`updated_date`) VALUES (13,'CHANDPUR',1,'2018-08-03 14:57:00','2018-08-03 14:57:00');
REPLACE INTO `location` (`id`,`name`,`active`,`created_date`,`updated_date`) VALUES (15,'CHITTAGONG',1,'2018-08-03 14:57:00','2018-08-03 14:57:00');
REPLACE INTO `location` (`id`,`name`,`active`,`created_date`,`updated_date`) VALUES (18,'CHUADANGA',1,'2018-08-03 14:57:00','2018-08-03 14:57:00');
REPLACE INTO `location` (`id`,`name`,`active`,`created_date`,`updated_date`) VALUES (19,'COMILLA',1,'2018-08-03 14:57:00','2018-08-03 14:57:00');
REPLACE INTO `location` (`id`,`name`,`active`,`created_date`,`updated_date`) VALUES (22,'COXS BAZAR',1,'2018-08-03 14:57:00','2018-08-03 14:57:00');
REPLACE INTO `location` (`id`,`name`,`active`,`created_date`,`updated_date`) VALUES (26,'DHAKA',1,'2018-08-03 14:57:00','2018-08-03 14:57:00');
REPLACE INTO `location` (`id`,`name`,`active`,`created_date`,`updated_date`) VALUES (27,'DINAJPUR',1,'2018-08-03 14:57:00','2018-08-03 14:57:00');
REPLACE INTO `location` (`id`,`name`,`active`,`created_date`,`updated_date`) VALUES (29,'FARIDPUR',1,'2018-08-03 14:57:00','2018-08-03 14:57:00');
REPLACE INTO `location` (`id`,`name`,`active`,`created_date`,`updated_date`) VALUES (30,'FENI',1,'2018-08-03 14:57:00','2018-08-03 14:57:00');
REPLACE INTO `location` (`id`,`name`,`active`,`created_date`,`updated_date`) VALUES (32,'GAIBANDHA',1,'2018-08-03 14:57:00','2018-08-03 14:57:00');
REPLACE INTO `location` (`id`,`name`,`active`,`created_date`,`updated_date`) VALUES (33,'GAZIPUR',1,'2018-08-03 14:57:00','2018-08-03 14:57:00');
REPLACE INTO `location` (`id`,`name`,`active`,`created_date`,`updated_date`) VALUES (35,'GOPALGANJ',1,'2018-08-03 14:57:00','2018-08-03 14:57:00');
REPLACE INTO `location` (`id`,`name`,`active`,`created_date`,`updated_date`) VALUES (36,'HABIGANJ',1,'2018-08-03 14:57:00','2018-08-03 14:57:00');
REPLACE INTO `location` (`id`,`name`,`active`,`created_date`,`updated_date`) VALUES (38,'JOYPURHAT',1,'2018-08-03 14:57:00','2018-08-03 14:57:00');
REPLACE INTO `location` (`id`,`name`,`active`,`created_date`,`updated_date`) VALUES (39,'JAMALPUR',1,'2018-08-03 14:57:00','2018-08-03 14:57:00');
REPLACE INTO `location` (`id`,`name`,`active`,`created_date`,`updated_date`) VALUES (41,'JESSORE',1,'2018-08-03 14:57:00','2018-08-03 14:57:00');
REPLACE INTO `location` (`id`,`name`,`active`,`created_date`,`updated_date`) VALUES (42,'JHALOKATI',1,'2018-08-03 14:57:00','2018-08-03 14:57:00');
REPLACE INTO `location` (`id`,`name`,`active`,`created_date`,`updated_date`) VALUES (44,'JHENAIDAH',1,'2018-08-03 14:57:00','2018-08-03 14:57:00');
REPLACE INTO `location` (`id`,`name`,`active`,`created_date`,`updated_date`) VALUES (46,'KHAGRACHHARI',1,'2018-08-03 14:57:00','2018-08-03 14:57:00');
REPLACE INTO `location` (`id`,`name`,`active`,`created_date`,`updated_date`) VALUES (47,'KHULNA',1,'2018-08-03 14:57:00','2018-08-03 14:57:00');
REPLACE INTO `location` (`id`,`name`,`active`,`created_date`,`updated_date`) VALUES (48,'KISHOREGONJ',1,'2018-08-03 14:57:00','2018-08-03 14:57:00');
REPLACE INTO `location` (`id`,`name`,`active`,`created_date`,`updated_date`) VALUES (49,'KURIGRAM',1,'2018-08-03 14:57:00','2018-08-03 14:57:00');
REPLACE INTO `location` (`id`,`name`,`active`,`created_date`,`updated_date`) VALUES (50,'KUSHTIA',1,'2018-08-03 14:57:00','2018-08-03 14:57:00');
REPLACE INTO `location` (`id`,`name`,`active`,`created_date`,`updated_date`) VALUES (51,'LAKSHMIPUR',1,'2018-08-03 14:57:00','2018-08-03 14:57:00');
REPLACE INTO `location` (`id`,`name`,`active`,`created_date`,`updated_date`) VALUES (52,'LALMONIRHAT',1,'2018-08-03 14:57:00','2018-08-03 14:57:00');
REPLACE INTO `location` (`id`,`name`,`active`,`created_date`,`updated_date`) VALUES (54,'MADARIPUR',1,'2018-08-03 14:57:00','2018-08-03 14:57:00');
REPLACE INTO `location` (`id`,`name`,`active`,`created_date`,`updated_date`) VALUES (55,'MAGURA',1,'2018-08-03 14:57:00','2018-08-03 14:57:00');
REPLACE INTO `location` (`id`,`name`,`active`,`created_date`,`updated_date`) VALUES (56,'MANIKGANJ',1,'2018-08-03 14:57:00','2018-08-03 14:57:00');
REPLACE INTO `location` (`id`,`name`,`active`,`created_date`,`updated_date`) VALUES (57,'MEHERPUR',1,'2018-08-03 14:57:00','2018-08-03 14:57:00');
REPLACE INTO `location` (`id`,`name`,`active`,`created_date`,`updated_date`) VALUES (58,'MAULVIBAZAR',1,'2018-08-03 14:57:00','2018-08-03 14:57:00');
REPLACE INTO `location` (`id`,`name`,`active`,`created_date`,`updated_date`) VALUES (59,'MUNSHIGANJ',1,'2018-08-03 14:57:00','2018-08-03 14:57:00');
REPLACE INTO `location` (`id`,`name`,`active`,`created_date`,`updated_date`) VALUES (61,'MYMENSINGH',1,'2018-08-03 14:57:00','2018-08-03 14:57:00');
REPLACE INTO `location` (`id`,`name`,`active`,`created_date`,`updated_date`) VALUES (64,'NAOGAON',1,'2018-08-03 14:57:00','2018-08-03 14:57:00');
REPLACE INTO `location` (`id`,`name`,`active`,`created_date`,`updated_date`) VALUES (65,'NARAIL',1,'2018-08-03 14:57:00','2018-08-03 14:57:00');
REPLACE INTO `location` (`id`,`name`,`active`,`created_date`,`updated_date`) VALUES (67,'NARAYANGANJ',1,'2018-08-03 14:57:00','2018-08-03 14:57:00');
REPLACE INTO `location` (`id`,`name`,`active`,`created_date`,`updated_date`) VALUES (68,'NARSINGDI',1,'2018-08-03 14:57:00','2018-08-03 14:57:00');
REPLACE INTO `location` (`id`,`name`,`active`,`created_date`,`updated_date`) VALUES (69,'NATORE',1,'2018-08-03 14:57:00','2018-08-03 14:57:00');
REPLACE INTO `location` (`id`,`name`,`active`,`created_date`,`updated_date`) VALUES (70,'CHAPAI NABABGANJ',1,'2018-08-03 14:57:00','2018-08-03 14:57:00');
REPLACE INTO `location` (`id`,`name`,`active`,`created_date`,`updated_date`) VALUES (72,'NETRAKONA',1,'2018-08-03 14:57:00','2018-08-03 14:57:00');
REPLACE INTO `location` (`id`,`name`,`active`,`created_date`,`updated_date`) VALUES (73,'NILPHAMARI ZILA',1,'2018-08-03 14:57:00','2018-08-03 14:57:00');
REPLACE INTO `location` (`id`,`name`,`active`,`created_date`,`updated_date`) VALUES (75,'NOAKHALI',1,'2018-08-03 14:57:00','2018-08-03 14:57:00');
REPLACE INTO `location` (`id`,`name`,`active`,`created_date`,`updated_date`) VALUES (76,'PABNA',1,'2018-08-03 14:57:00','2018-08-03 14:57:00');
REPLACE INTO `location` (`id`,`name`,`active`,`created_date`,`updated_date`) VALUES (77,'PANCHAGARH',1,'2018-08-03 14:57:00','2018-08-03 14:57:00');
REPLACE INTO `location` (`id`,`name`,`active`,`created_date`,`updated_date`) VALUES (78,'PATUAKHALI',1,'2018-08-03 14:57:00','2018-08-03 14:57:00');
REPLACE INTO `location` (`id`,`name`,`active`,`created_date`,`updated_date`) VALUES (79,'PIROJPUR',1,'2018-08-03 14:57:00','2018-08-03 14:57:00');
REPLACE INTO `location` (`id`,`name`,`active`,`created_date`,`updated_date`) VALUES (81,'RAJSHAHI',1,'2018-08-03 14:57:00','2018-08-03 14:57:00');
REPLACE INTO `location` (`id`,`name`,`active`,`created_date`,`updated_date`) VALUES (82,'RAJBARI',1,'2018-08-03 14:57:00','2018-08-03 14:57:00');
REPLACE INTO `location` (`id`,`name`,`active`,`created_date`,`updated_date`) VALUES (84,'RANGAMATI',1,'2018-08-03 14:57:00','2018-08-03 14:57:00');
REPLACE INTO `location` (`id`,`name`,`active`,`created_date`,`updated_date`) VALUES (85,'RANGPUR',1,'2018-08-03 14:57:00','2018-08-03 14:57:00');
REPLACE INTO `location` (`id`,`name`,`active`,`created_date`,`updated_date`) VALUES (86,'SHARIATPUR',1,'2018-08-03 14:57:00','2018-08-03 14:57:00');
REPLACE INTO `location` (`id`,`name`,`active`,`created_date`,`updated_date`) VALUES (87,'SATKHIRA',1,'2018-08-03 14:57:00','2018-08-03 14:57:00');
REPLACE INTO `location` (`id`,`name`,`active`,`created_date`,`updated_date`) VALUES (88,'SIRAJGANJ',1,'2018-08-03 14:57:00','2018-08-03 14:57:00');
REPLACE INTO `location` (`id`,`name`,`active`,`created_date`,`updated_date`) VALUES (89,'SHERPUR',1,'2018-08-03 14:57:00','2018-08-03 14:57:00');
REPLACE INTO `location` (`id`,`name`,`active`,`created_date`,`updated_date`) VALUES (90,'SUNAMGANJ',1,'2018-08-03 14:57:00','2018-08-03 14:57:00');
REPLACE INTO `location` (`id`,`name`,`active`,`created_date`,`updated_date`) VALUES (91,'SYLHET',1,'2018-08-03 14:57:00','2018-08-03 14:57:00');
REPLACE INTO `location` (`id`,`name`,`active`,`created_date`,`updated_date`) VALUES (93,'TANGAIL',1,'2018-08-03 14:57:00','2018-08-03 14:57:00');
REPLACE INTO `location` (`id`,`name`,`active`,`created_date`,`updated_date`) VALUES (94,'THAKURGAON',1,'2018-08-03 14:57:00','2018-08-03 14:57:00');

REPLACE INTO `status` (`id`,`created_date`,`updated_date`,`access`,`active`,`content`,`location_id`,`user_id`) VALUES (1,'2019-07-28 20:45:00','2019-07-28 23:25:00',1,1,'The service you have provided goes above and beyond anything we have experienced with other travel agencies and as the one responsible for arranging travel needs for the President and other corporate officers, I have especially appreciated this',88,1);
REPLACE INTO `status` (`id`,`created_date`,`updated_date`,`access`,`active`,`content`,`location_id`,`user_id`) VALUES (2,'2019-07-28 20:45:00','2019-07-28 20:45:00',1,1,'We want to express our appreciation for the excellent service that extra special effort that you provide and as our business was built on service we know how important this quality is and we value what CrissCross Tours & Travel has to offer.',88,1);
REPLACE INTO `status` (`id`,`created_date`,`updated_date`,`access`,`active`,`content`,`location_id`,`user_id`) VALUES (3,'2019-07-28 21:26:00','2019-07-28 21:26:00',0,1,'Today was our last day with our tour guide and driver from Derleng having started at Phnom Penh then Kampot, Battambang and finally Siem Reap. Our driver Mr Thuna and guide Chem Pissa were much much more than tour guides. Having spent so much time in their company we feel we have left behind new friends. Was sad to say goodbye to these two lovely people.',51,1);
REPLACE INTO `status` (`id`,`created_date`,`updated_date`,`access`,`active`,`content`,`location_id`,`user_id`) VALUES (4,'2019-07-28 21:27:00','2019-07-28 21:27:00',1,1,'I was extremely satisfied with Derleng Tours. Mr. Dara, the owner, has proven to be very courteous and helpful from the very beginning, trying to organize at the best our trip to Cambodia in the eight days available. The guides and drivers are very professional and friendly, the accomodations simply superb. I highly recommend it, Mr Dara will turn your trip into an unforgettable experience!',51,2);
REPLACE INTO `status` (`id`,`created_date`,`updated_date`,`access`,`active`,`content`,`location_id`,`user_id`) VALUES (5,'2019-07-28 21:28:00','2019-07-28 21:28:00',0,1,'Since the mountain community visit included a lecture & activities specific to weaving, I would have enjoyed a visit to an local art museum instead of visiting the Chincheros artisan market.  My daughter and niece would have welcomed at least a half-day of leisure time at the resort hotel in Paracas, in order to have ample time to swim in the pool and/or use the beach.  If they could ride the dune buggy again, they would wear their prescription eyeglasses instead of their contacts.  Even though they both wore sunglasses, it was not enough to prevent the fine sand from getting under their lenses.   ',75,2);
REPLACE INTO `status` (`id`,`created_date`,`updated_date`,`access`,`active`,`content`,`location_id`,`user_id`) VALUES (6,'2019-07-28 21:36:00','2019-07-28 21:36:00',1,1,'Since the mountain community visit included a lecture & activities specific to weaving, I would have enjoyed a visit to an local art museum instead of visiting the Chincheros artisan market.  My daughter and niece would have welcomed at least a half-day of leisure time at the resort hotel in Paracas, in order to have ample time to swim in the pool and/or use the beach.  If they could ride the dune buggy again, they would wear their prescription eyeglasses instead of their contacts.  Even though they both wore sunglasses, it was not enough to prevent the fine sand from getting under their lenses.   ',75,2);